Word,Frequency
your,727
re,628
account,527
org,402
monkey,395
jose,362
8,289
utf,260
update,251
for,235
email,216
to,197
notification,167
new,164
in,162
b,162
you,159
on,148
mail,138
alert,128
security,127
a,126
is,124
has,117
q,117
the,116
mailbox,113
1,110
information,109
important,104
and,103
notice,100
payment,100
of,98
warning,98
have,96
from,92
usaa,91
r,83
password,83
e,83
been,81
pending,79
message,79
with,76
incoming,72
we,71
ilug,70
verification,68
be,67
zzzzteana,66
now,63
messages,63
fw,62
desk,61
will,61
confirm,60
please,58
help,57
activation,57
source,56
upgrade,55
it,55
9,55
de,55
service,55
urgent,54
2,54
spambayes,52
some,52
online,52
required,51
checking,48
final,48
activity,47
request,47
review,45
received,44
s,44
perl,44
locked,44
id,44
transfer,43
file,43
delivery,43
via,43
savings,42
com,42
action,40
bank,39
storage,39
server,39
billing,39
document,38
plan,38
quota,38
statement,36
order,36
verify,35
reminder,34
full,33
trouble,33
access,33
having,33
confirmation,32
current,32
report,31
3,31
mails,30
not,30
files,30
20,30
bug,29
sent,28
last,28
d0,28
are,28
news,27
wetransfer,27
opensuse,26
commit,26
error,26
invoice,26
emails,26
unusual,26
svn,26
no,26
paypal,26
6,25
11,24
parcel,24
package,24
termination,24
21,23
blocked,23
daily,23
detected,22
todo,22
status,22
4,22
case,22
data,22
an,22
10,22
samba,22
t,22
suspicious,21
transaction,21
about,21
icon,21
check,21
modules,21
shutdown,21
was,20
dhl,20
suspension,20
users,20
card,20
use,20
support,20
dev,20
kai,20
e2,20
expire,19
7,19
sign,19
system,19
issue,19
2007,19
2020,19
wells,19
test,19
fargo,19
address,18
m,18
spam,18
d1,18
july,18
branches,17
py,17
april,17
smbd,17
undelivered,17
deactivation,17
that,17
login,17
samba_3_0_25,17
by,17
attention,17
number,16
samba_3_0,16
inquiry,16
5,16
its,16
validate,16
user,16
2022,16
hold,16
suspended,16
at,15
under,15
sm,15
cnn,15
needed,15
all,15
do,15
failure,15
documents,15
webmail,15
recent,15
shipping,15
question,15
failed,15
checkins,15
summary,15
today,15
avoid,15
20account,15
fwd,15
problem,15
plan9,15
18,15
web,14
2001,14
soon,14
unread,14
edis,14
vs,14
temporarily,14
can,14
preference,14
delivered,14
admin,14
sugar,14
get,14
9c,14
c,14
12,14
19,14
authorization,13
uri,13
tomorrow,13
membership,13
could,13
pm,13
blacklisted,13
statewide,13
standard,13
spamassassin,13
shared,13
contact,13
c3,13
dear,13
express,13
limited,13
backtracking,13
helpdesk,13
low,13
python,13
onedrive,12
apple,12
almost,12
doc,12
caiso,12
windows,12
limit,12
microsoft,12
00,12
clamav,12
expired,12
due,12
read,12
proposal,12
way,12
administrator,12
reset,12
exceeded,12
digest,12
this,12
using,12
20your,12
details,12
2019,12
cenceled,12
reasons,12
alibaba,12
netflix,12
virus,11
virusdb,11
software,11
need,11
untrusted,11
secure,11
iso,11
profile,11
fix,11
alerts,11
pay,11
cheque,11
immediately,11
pdf,11
customer,11
shipment,11
unix,11
vol,11
arrived,11
noticed,10
call,10
just,10
activate,10
protection,10
enron,10
ready,10
stock,10
or,10
one,10
method,10
ownership,10
team,10
emacs,10
2021,10
inc,10
as,10
free,10
sparc,10
running,10
science,10
op,9
i,9
banking,9
pmm,9
business,9
estatement,9
13,9
settings,9
iimited,9
receipt,9
p,9
04,9
february,9
back,9
activities,9
u,9
0,9
deal,9
path,9
sem,9
app,9
absa,9
ve,9
gas,9
changes,9
purchase,9
note,9
posting,9
fileservers,9
09,9
linkedin,9
being,9
bush,9
processing,9
project,9
us,9
15,9
list,9
ip,9
date,9
questions,9
meeting,8
365,8
14,8
kaiw,8
america,8
forecast,8
ref,8
survey,8
eol,8
n,8
laptop,8
lists,8
ict,8
vista,8
sun,8
os,8
03,8
domain,8
forwarding,8
linux,8
validation,8
processed,8
share,8
uai,8
health,8
bill,8
communication,8
contract,8
staff,8
portal,8
agreement,8
updated,8
someone,8
time,8
assistance,7
ticket,7
another,7
http,7
29,7
code,7
dkim,7
procedure,7
approval,7
17,7
2017,7
wallet,7
closed,7
services,7
nedbank,7
info,7
quote,7
lib,7
deliver,7
activated,7
2e,7
single,7
testing,7
into,7
restriction,7
problems,7
internet,7
how,7
08,7
usage,7
38,7
american,7
permsgstatus,7
payroll,7
beginning,7
debian,7
r22132,7
01,7
80,7
make,7
technical,7
solaris,7
serial,7
2008,7
added,7
where,7
20be,7
missing,7
which,7
trunk,7
table,7
payee,7
why,7
view,6
draft,6
07,6
outlook,6
distribution,6
rejecting,6
restricted,6
confidential,6
advice,6
strings,6
log,6
36,6
accessing,6
issues,6
psecu,6
text,6
expiration,6
02,6
sam,6
people,6
scoop,6
ms,6
article,6
32,6
rserve,6
truth,6
complete,6
redhat,6
own,6
find,6
encryption,6
class,6
unauthorized,6
remove,6
lock,6
faking,6
operations,6
navy,6
ide,6
dell,6
out,6
closing,6
power,6
stopped,6
milter,6
more,6
me,6
off,6
warnings,6
future,6
metamask,6
completed,6
docusign,6
identity,6
trade,6
debit,6
library,6
track,6
standalone,6
workspace,6
schedule,6
protect,6
after,6
informations,6
apt,6
24,6
sa,6
when,6
weekly,6
rules,6
tests,5
repository,5
docs,5
gisb,5
multa,5
delayed,5
06,5
returning,5
pagada,5
thanks,5
sender,5
up,5
nominal,5
ouch,5
feb,5
like,5
used,5
large,5
chase,5
six,5
inbox,5
mac,5
html,5
scanner,5
against,5
30,5
encrypted,5
predictor,5
dealing,5
stricts,5
22,5
center,5
tom,5
net,5
open,5
ca,5
device,5
freetype,5
normal,5
patch,5
management,5
ignore,5
change,5
tax,5
scheduled,5
63,5
block,5
frozen,5
modem,5
upstream,5
replied,5
parrot,5
fixed,5
ena,5
wire,5
his,5
dropbox,5
latitude,5
adsl,5
steps,5
parsed,5
tlds,5
localmail,5
ported,5
31,5
ix,5
programs,5
several,5
cpx,5
5813,5
regex,5
states,5
onsite,5
google,5
jobs,5
errors,5
labelled,5
word,5
cf,5
3a,5
office,5
type,5
concerning,5
smarsh,5
training,5
fedex,5
141,5
our,5
bna,5
my,5
labor,5
learn,5
plot,5
configuration,5
work,5
emergency,5
member,5
personal,5
monday,5
htaccess,5
rl001097064,5
lapply,5
l,5
monthly,5
unable,5
days,5
self,5
fonts,5
unicode,5
sync,5
entrepreneurs,5
hours,5
28,5
allstaff,4
forteana,4
avast,4
interesting,4
patches,4
avcavc,4
bonus,4
technology,4
punt,4
subsumption,4
8859,4
apache,4
policy,4
tm,4
regexp,4
accuweather,4
algorithm,4
process,4
16,4
party,4
reached,4
connecting,4
close,4
v,4
mirroring,4
89_,4
isos,4
reports,4
titled,4
attempt,4
week,4
pop,4
friday,4
brazil,4
include,4
eircom,4
94,4
company,4
what,4
27,4
scale,4
preschedule,4
old,4
â,4
34,4
fected,4
cafe,4
quarantine,4
y,4
skype,4
cbs,4
20delivered,4
practices,4
20not,4
verified,4
exception,4
20could,4
20messages,4
20email,4
requires,4
virtual,4
voz,4
mensagem,4
september,4
nova,4
notifications,4
very,4
dvd,4
81,4
nt,4
25,4
white,4
b5d_,4
currently,4
ups,4
special,4
funds,4
breaking,4
annual,4
closure,4
values,4
overdue,4
needs,4
generator,4
forms,4
credit,4
appie,4
java,4
reason,4
af,4
2018,4
kiddies,4
letter,4
expires,4
display,4
risk,4
safety,4
capital,4
20in,4
ing,4
external,4
maintenance,4
recieved,4
place,4
approved,4
attachements,4
release,4
other,4
hear,4
folder,4
may,4
box,4
compromised,4
nfcu,4
bulletin,4
coreui,4
shift_jis,4
if,4
ben,4
faculty,4
end,4
20information,4
year,4
cd,4
26,4
product,4
senseless,4
benchmarks,4
bl,4
energy,4
still,4
cost,4
differences,4
utilities,4
ceo,4
doap,4
seven,4
going,4
sending,4
rejected,4
stage,4
united,4
line,4
23,4
save,4
planet,4
94_,4
gif,4
queued,4
broken,4
incident,4
plugin,4
45,4
unlock,4
disconnection,4
confidentiality,4
pp,4
gnots,4
immediate,4
until,4
developers,4
refund,4
voicemail,4
internal,4
13913670,4
samba_3_0_release,4
truncated,4
recording,4
temporally,4
eex,3
20will,3
program,3
pc,3
swift,3
pt,3
won,3
part,3
paid,3
47,3
suntrust,3
deadline,3
see,3
100,3
none,3
4pyjierfqvig,3
deactivated,3
35,3
script,3
cancellation,3
forma,3
malware,3
tonight,3
directory,3
estimation,3
looking,3
pro,3
parallels,3
x,3
memory,3
master,3
portable,3
complaints,3
steve,3
disabled,3
licences,3
dumb,3
august,3
fraud,3
courier,3
day,3
rename,3
communications,3
cpanel,3
successfully,3
group,3
assorted,3
drive,3
undelivery,3
20to,3
outdated,3
results,3
symbols,3
libxg,3
emily,3
caps,3
yan,3
renewal,3
el,3
receive,3
33,3
mode,3
fails,3
scripts,3
would,3
city,3
two,3
keyboard,3
logon,3
creation,3
awb,3
evolution,3
20limited,3
earthquake,3
05,3
ascii,3
20is,3
imap,3
train,3
exhaustion,3
original,3
response,3
hex,3
cannot,3
buildbot,3
converting,3
beginner,3
openwindows,3
es,3
video,3
resolve,3
applications,3
citetrack,3
available,3
funded,3
scan,3
add,3
subscribed,3
points,3
commercial,3
rumours,3
invoices,3
compile,3
usd,3
regarding,3
modulesthrough,3
disable,3
something,3
rv,3
register,3
but,3
invalid,3
lookup,3
amazon,3
study,3
biggest,3
palm,3
plucker,3
dos,3
iswr,3
ctrl,3
d,3
jm,3
evaluation,3
paper,3
phd,3
coming,3
troubles,3
fta,3
ftp,3
20you,3
capacity,3
fnc,3
498,3
concern,3
point,3
comp,3
installation,3
big,3
discuss,3
postfix,3
filter,3
237,3
copy,3
satcon,3
zones,3
du,3
implementation,3
so,3
saving,3
83,3
swat,3
shx,3
post,3
bbmass,3
vms,3
authentication,3
foreign,3
hour,3
wekalist,3
60,3
notifcation,3
er01,3
best,3
smfic_header,3
fps,3
tue,3
variable,3
natural,3
rs,3
imcc,3
kernel,3
index,3
rock,3
electrical,3
removal,3
feedback,3
trading,3
false,3
positive,3
certificate,3
few,3
causes,3
rh7,3
reply,3
leak,3
vehiculos,3
am,3
37,3
bloque,3
parameter,3
then,3
department,3
5780,3
turns,3
attack,3
uuencoded,3
dispatch,3
weekend,3
cities,3
bruto,3
sandbox,3
marketing,3
law,3
quick,3
corp,3
4pyiifryywnriflvdxigu2hpcg1lbnqglsbgzwrfea,3
exceed,3
made,3
2nd,3
analysis,3
discriminant,3
conference,3
rodriguez,3
correct,3
fit,3
awaiting,3
ot,3
community,3
upgarde,3
seeks,3
progress,3
mama,3
nothing,3
muppet,3
rewards,3
2d,3
packaging,3
appleid,3
procedures,3
kill,3
incorrect,3
install,3
oasis,3
take,3
licence,3
does,3
weirdness,3
wind,3
cardmember,3
dnsbl,3
preferences,3
primary,3
5790,3
soho,2
core_server,2
napster,2
erosion,2
492nh,2
20update,2
gtv,2
only,2
holding,2
howtos,2
ww91cibozxrmbgl4ie1lbwjlcnnoaxagaxmgb24gag9sza,2
cvs,2
coronavirus,2
planning,2
aler,2
p0,2
outbreak,2
mdk6ndmgqu0g,2
highly,2
dir,2
ifzvawnlbm90zsbnzxnzywdligzyb20gkokaiw,2
4ocl4ocl4ocl4ocl4oclmokai,2
5oko5pyj77yino,2
aw,2
gbp,2
5667,2
4ocl4ocl4ocl4ocl4ocl4ocl4ocl4ocln,2
novo,2
packing,2
shiping,2
am9zzubtb25rzxkub3jnic0gww91cibfbwfpbcbhy2nvdw50ihdpbgwgymugyxv0b21hdgljywxsesbjbg9zzwqgznjvbsbeyxrloidcodgvmtivmjaymiagvgltztogmto1mdoymcbhlm0u,2
weatherdirect,2
8ieadoeacqumagei,2
4ocl4ocl4ocl4ocl4oclookai,2
vueahomcrus7tg,2
waterloo,2
autorespond,2
papers,2
engineering,2
42359,2
oneok,2
637887931428,2
20client,2
irs,2
5365,2
couric,2
katie,2
ordinary,2
evening,2
832,2
6zya6kab6yeh5y,2
critical,2
003,2
w55qe6kgm5yqoido,2
reversai,2
placement,2
paypai,2
intel,2
investigating,2
uribl,2
identification,2
listed,2
json,2
iii,2
c3qgntawicattm92zw1izxigmtgsidiwmjisidy6,2
4ocl4ocl4ocl4ocl4ocl4ocl4ocl4ocl4ocl4ocl,2
reconfirm,2
dis,2
black,2
20170903,2
abled,2
4ocl4ocl4ocl4oclksa54ocl4ocl4ocl4ocl4ocl,2
4oclnukai,2
possible,2
48hrs,2
face,2
involved,2
cleanups,2
4ocl4ocl4ocl4oclncoqkioqkdaumjvzksbvbibl,2
emiratenbd,2
stuff,2
unidentified,2
ugf5ugfsignhc2xcoglkig5lzwqgew91cibhy3rpb24g,2
50,2
42,2
accoun,2
general,2
maint20070902,2
rhsbl,2
enquiry,2
before,2
suspected,2
wellsfargo,2
fraudelent,2
magic,2
piano,2
ios,2
ahbl,2
954712apsstr1,2
satalk,2
usaa__,2
applepay,2
7c_cashback,2
tiny,2
dormant,2
24hrs,2
agenda,2
receiving,2
progs,2
porting,2
possiblespam,2
20200409,2
core_resources,2
2082,2
life,2
capitalone,2
umugoibbifn1bw1hcnkgumvwb3j0iefszxj0if0goibozxcgu3rhdgvtzw50ifvwzgf0zsbby2nvdw50ifn1ym1pdhrlzcb0bybvcgrhdgvkieluzm9ybwf0aw9u,2
cbsnews,2
require,2
zhang,2
aevumglobal,2
dns,2
swap,2
nvram,2
sie,2
tags,2
en,2
nessie,2
headlines,2
rh,2
dma,2
2vfiovya,2
queue,2
58884318,2
deals,2
engineer,2
mailserver,2
temporary,2
uberprufen,2
ihre,2
names,2
konto,2
organic,2
20id,2
colombia,2
informationen,2
aa,2
ll,2
ml,2
04l2,2
hector,2
chat,2
1066907,2
abbott,2
cpu,2
lisa,2
command,2
1020,2
aberto,2
small,2
pcs,2
cheap,2
cfp,2
funding,2
compiler,2
proforma,2
2files,2
examples,2
vfs,2
libsmbclient,2
eriw,2
utils,2
man,2
em,2
pirates,2
earle,2
important_,2
esta,2
options,2
movel,2
smtp,2
blocking,2
vivo,2
fatura,2
fundamental,2
sua,2
1913,2
prezado,2
0n,2
qw1hem9ug0gdsonfg5odz4,2
er,2
3090,2
coordinated,2
delete,2
transactions,2
4080,2
1090,2
51,2
crm114,2
dec,2
welsfargo,2
without,2
35352272,2
lkg03,2
gmt,2
0000,2
within,2
universal,2
tough,2
00297,2
cougars,2
156976718,2
invoice_863637,2
consignment,2
tnt,2
summaries,2
2155521,2
waiting,2
gov,2
undeliverable,2
gvfkyw5xzwqymg,2
ulfgc8i1ykfacxykrgtycuq,2
gets,2
5y2z5pu05paw,2
comfirmation,2
goa0u,2
ve5uihwgu2zfehbyzxnziomhuus4soeutewtkowpkeelqomamuefpsa,2
ct,2
summer,2
4pyiifryywnriflvdxigu2hpcg1lbnq,2
techrepublic,2
marcos,2
439015187,2
alonso,2
aciomcrueusewwhus8muwplua2ioa,2
montenegro,2
demorgan,2
apply,2
playing,2
openssh,2
doesn,2
charge,2
px,2
77106725,2
advertencia,2
claim,2
ultima,2
subscription,2
pls,2
burofax,2
envio,2
graphics,2
sw5jb21pbmcgtwfpbcdinikgievycm9y,2
sample,2
ldbbrowse,2
opcode,2
passsword,2
massage,2
getting,2
zoot,2
continuing,2
2247,2
1f,2
pcc,2
r619753,2
util,2
registrarboundaries,2
uri_text,2
invitation,2
4pyjidiwmtggqundt1vovcbtrunvukluwsbvuerbveu,2
update_your_account_information,2
paystub,2
w0fwcgxlisbbbgvydf0gtmv3igfjy2vzcybpbib5b3vyigfjy291bnqu,2
version,2
pre,2
2685412214,2
oil,2
doolin,2
1811,2
air,2
cash,2
advance,2
macbook,2
rfq,2
deliverability,2
alsa,2
loading,2
driver,2
university,2
n4bui0k,2
usb,2
cut,2
sie_wurden_f,2
module,2
bcr_eine_spende_von_warren_buffett_chari,2
20request,2
20required,2
20ha,2
20been,2
limted,2
jp,2
gyrcjco7wuonjcrkfushje4,2
cepzjhi5ot83gyhc,2
monitoring,2
fcu,2
programming,2
slashdot,2
5367029,2
bn,2
slip,2
20termination,2
20safer,2
11pm,2
backup,2
passcodes,2
stop,2
bn1018894701,2
iner15fxqder15xxnydxlc1qyxlqywwg16nxnnea,2
15fxqdev15eglsdxltev15txqteuinek16lxmdec15xxqidxl9eo15nxkteu,2
generation,2
yahoo,2
saimasham11,2
earnings,2
partition,2
perl5,2
005_05,2
caution,2
20make,2
table_foundation_ausgew,2
satisfaction,2
samba_4_0,2
privacy,2
breaches,2
a4hlt,2
wayward,2
india,2
_storage_capacity_,2
timothy,2
j,2
sloan,2
allocation,2
mcghie,2
org_,2
mailbox__jose,2
care,2
20working,2
yard,2
brooklyn,2
bytes,2
15676127,2
bigpond,2
federal,2
moon,2
alerta,2
fyi,2
patagonia,2
fund,2
machine,2
27re,2
20constantly,2
score,2
l4,2
31876,2
15hours,2
ees,2
event,2
follow,2
through,2
i2r,2
between,2
slope,2
lme,2
talking,2
rodin,2
remittance,2
ham,2
ground,2
inward,2
propuesta,2
visit,2
idp,2
alef,2
answers,2
ok,2
ssl,2
zip,2
acknowledgement,2
lifegem,2
combo,2
router,2
valentine,2
same,2
mxhsuhssx,2
updates,2
continue,2
mai,2
destroy,2
compression,2
vkvssuzmwes7jus4i,2
d07834053074nd,2
denied,2
revised,2
agreements,2
round,2
sony,2
x800h,2
led,2
tv,2
gives,2
2311,2
008,2
5512482469582,2
monetary,2
8207,2
maersk,2
easy,2
apr,2
build,2
declined,2
tds,2
32031,2
discover,2
bbc,2
xlsx,2
detention,2
coc,2
finally,2
court,2
caller,2
performance,2
xine,2
dependencies,2
ap,2
earl,2
https,2
colleague,2
eott,2
56830367,2
santender,2
infoemail,2
elimination,2
chicago,2
payments,2
star,2
lone,2
cornhusker,2
rpm,2
docu,2
announcement,2
yesterday,2
any,2
connected,2
devices,2
unknown,2
pctel,2
lisrel,2
20182708,2
dimensions,2
phone,2
logging,2
supervisor,2
74645222236611408,2
cncpurchase,2
ghf,2
reward,2
send,2
srx1299917120id,2
hosting,2
making,2
set,2
o,2
hub,2
990013050,2
bn4518894701,2
attempts,2
prevent,2
vw5kzwxpdmvyzwqgrw1haww,2
verticalnet,2
ebusiness,2
mailboxwarning,2
money,2
website,2
9term,2
u3rhdhvzoibz0l51cidrgncwew3qtw50ig3qtxro0l5kihfqshmgzgxrgwzrlm7qtwqg4p2x,2
comfirm,2
world,2
importante,2
x789703648,2
aviso,2
pipe,2
name,2
4gb,2
paymntstub_schedule,2
talks,2
shraing,2
wefile,2
hl51l05,2
cloud,2
confirmation_2022,2
e9_,2
rev,2
die,2
fires,2
declared,2
cage,2
impending,2
want,2
cards,2
red,2
threads,2
underground,2
officially,2
ae_monthly_statement_is_available,2
c2,2
systems,2
4pyiiezlzev4imkpifnoaxbtzw50ie5vdglmawnhdglvbiazodq3odkyotk,2
june,2
tridge,2
mjriulmg7j207kce7jeqio2zleyduo2vmoyngcdslyrsnlzrqbqg6roe7kcv7j20io2pkoyhhouqqeulioulpca,2
handling,2
approach,2
family,2
friends,2
n465664348,2
57ek5ocl5pyn5yuz5zmo6k2m5zgkiq,2
sv,2
compliance,2
activata,2
port,2
restore,2
180424,2
violation,2
ctdb,2
your_wells_fargo,2
4jya,2
yourself,2
b0b,2
holder,2
ww91cibfbwfpbcdinikg,2
beu,2
99r,2
b5_,2
b5r,2
beut_,2
20alerts,2
bet,2
police,2
b5,2
96,2
b0l_un,2
couldn,2
5816,2
awl,2
rw1hawwgq2fuy2vsbgf0aw9uiokyke,2
1200bps,2
crappy,2
got,2
demand,2
qwxlcnq6iokaksbnywlsym94ihbhc3n3b3jkihjlc2v0igluihbyb2dyzxnzigzvcia,2
newsletters,2
qouta,2
ww91cibqyxlwywwgq29uzmlybwf0aw9uiefszxj0iokckya,2
02063321102,2
hussain,2
majid,2
natwest,2
thirteen,2
autowhitelist,2
undeliverd,2
doapspace,2
interest,2
shipments,2
ferc,2
announce,2
fedora,2
improvement,2
iiu,2
csc,2
nat,2
20deactivated,2
sharefile,2
20paypal,2
orgyour,2
n225285145,2
bfgs,2
bhhh,2
likelihood,2
good,2
notify,2
howto,2
unexpected,2
vxbkyxrlig9yienoyw5nzsb5b3vyiefwcgxlieleihbhew1lbnqgaw5mb3jtyxrpb24ulg,2
commande,2
votre,2
pour,2
merci,2
4pqg77ipiefdvelptibsrvfvsvjfrcbbia,2
7e,2
ww91cibwywnrywdliglzihdhaxrpbmcgzm9yigrlbgl2zxj5,2
20from,2
20we,2
20until,2
resource,2
bible,2
retrieve,2
maximum,2
allowance,2
methode,2
never,2
companies,2
cc,2
1093584,2
4958216,2
991,2
defined,2
have_orbit,2
requestjose,2
ubuntu,2
gnomegui,2
installing,2
nov,2
5zue5asn77ya6zya6kab5oko55qe5ywz5rooia,2
oibqyxnzd29yzcbsybvzybv0ice,2
interested,2
top,2
structure,2
fork,2
covid,2
voice,2
physical,2
financial,2
concerns,2
listing,2
ww91ighhdmugysbwcm9ibgvtihdpdgggew91cibbchbszsbhy2nvdw50,2
shop,2
2c,2
bwvzc8mrz8m1cw,2
péµnding,2
lmporté,2
york,2
developer,2
outgoing,2
compte_suspect,2
prive,2
7vw,2
46,2
0585414,2
activition,2
2853,2
edt,2
multiple,2
mirror,2
6rk96rogifvshjzruytsiqtqsiag7ksr64uo65cy7jei7iq164ui64ukxq,2
it3,2
sbsa,2
8626,2
research,2
renaming,2
great,2
form,2
retrieving,2
0klqsngfifjlznvuzcdondc1dydondc1c3pqsnabzsdokwxlcnqhoia0otyzntcwmw,2
hmr,2
bcc,2
agent,2
leads,2
deposit,2
political,2
ticker,2
quata,2
storms,2
quarrantine,2
contents,2
319,2
5864,2
help_desk_service,2
wqblehbpcmvzwqb0b2rhesayoc8wmi8ymdixia,2
ugfzc3dvcmtcogzvcia,2
sheet,2
a8ntity,2
a8lp_us_confirm_your_id,2
sfio,2
untii,2
reveiw,2
5880069,2
arrival,2
hosts,2
bio,2
cups,2
3aaccount_alert_,2
cancel,2
nbc11,2
offer20201116,2
changing,2
0740974_jose,2
inactive,2
disappearing,2
alliance,2
h,2
nx6110,2
times,2
ny,2
analytics,2
www,2
porn_4,2
5814,2
hp,2
bloqueo,2
686,2
acpi,2
tld,2
5815,2
vehiculo,2
del,2
ubw777,2
kc,2
comment,2
v2ugyxr0zw1wdgvkihrvigrlbgl2zxigew91cibwywnrywdl,2
ntelos,2
holdings,2
53,2
fnb,2
bad,2
account_confirmation,2
irregular,2
4pqg77ipifjly292zxj5ie5vdglmawnhdglvbiagke1vbmrh,2
unblock,2
obtaining,2
individual,2
checkbox,2
029,2
whatsapp,2
long,2
eswgrmvicnvhcnkgmjgsidiwmjip,2
welcomed,2
81t,2
qmxvy2tlzcbjbmnvbwluzybnzxnzywdlc,2
legal,2
b0uth,2
96z,2
proicon,2
b0,2
96v,2
scsi,2
96t,2
webcast,2
run,2
podcast,2
roundup,2
trying,2
tract,2
edu,2
abridged,2
202108194699071,2
31780,2
f6nlichen_daten,2
fcfen_sie_ihre_pers,2
san,2
dcberpr,2
__,2
unreceived,2
fixes,2
corporation,2
returned,2
navy_federal_credit_union,2
till,2
77,2
topics,2
archive,2
cpanplus,2
megalithomania,2
20a,2
unpissup,2
email_account_notification,2
20170506,2
topic,2
books,2
20verify,2
20paypai,2
distributions,2
start,2
atm,2
wants,2
who,2
risks,2
reputation,2
sextoys,2
waring,2
prefrence,2
10349797,2
imam,2
wacky,2
20for,2
uku6ief0dwfsaxphw6fdo28gzg8gt3v0bg9vaw,2
20order,2
weeks,2
subject,2
20samsung,2
20galaxy,2
20u,2
stories,2
5bpaypal,2
_612717376,2
awg,2
unverified,2
nlocked,2
korea,2
20s7,2
season,2
7876799,2
20edge,2
unsual,2
tmv0zmxpecbbbgvyddpqbgvhc2ugq29uzmlybsbzb3vyiftozxrmbgl4xsbqcm9mawxllg,2
newbie,2
thank,2
blacklistedt,2
axis,2
ansi,2
20noticed,2
20some,2
6aqm6k,2
20unusual,2
20log,2
44cqugf5ugf56yqa6kgm44cr6ycb6yer5asx5pwx6yca55,2
5qoa5rwl5yiw5byc5bi45rs75yqo77yiam9zzubtb25rzxkub3jn77yjlq,2
5d,2
tables,2
vpn,2
44gx44gf,2
44gc44gq44gf44gu44ki44kr44km44oz44oi44gv5ygc5q2i44gv44km44g,2
deliveries,2
noted,2
touchpad,2
minutes,2
conver,2
unit,2
plant,2
during,2
geesq,2
826,2
terminated,2
auto,2
ww91cibhy2nvdw50ighhcybizwvuielpbwl0zwqgdw50awwgd2ugagvhcibmcm9tihlvdq,2
ebill,2
squirrelmail,2
cats,2
20by,2
20payment,2
v2,2
180328,2
22th,2
gpl,2
v1,2
shutting,2
ftx,2
364,2
fellows,2
redirect,2
non,2
handle,2
executed,2
libg,2
186,2
4896,2
20recent,2
suse10,2
mleisi,2
kindly,2
down,2
desktop,2
approve,2
suse,2
20logg,2
put,2
limits,2
maryden_cruz_sent_you_,2
095070,2
2epdf,2
22po,2
pg,2
congress,2
role,2
2852558012,1
francisco,1
introduction,1
72,1
dictionary,1
000,1
active,1
abecedarian,1
learning,1
hurts,1
src,1
50_scores,1
opensea,1
aeolian,1
sediments,1
95,1
42381,1
assimiliation,1
r581582,1
exclude_dir,1
wholesale,1
rescheduled,1
attn,1
mon,1
socket,1
rfp,1
development,1
bay,1
transmission,1
evaluat,1
mesa,1
ion,1
acces,1
45981,1
bny,1
interests,1
supervisors,1
am9zzubtb25rzxkub3jnie1lc3nhz2vzignvdwxkig5vdcbizsbkzwxpdmvyzwq,1
held,1
moura,1
packge,1
spain,1
dimension,1
3054812024,1
90,1
brain,1
students,1
w,1
iceland,1
gcte,1
relevancy,1
shelf,1
536,1
1164285,1
847,1
outstanding,1
mods,1
unregconized,1
hey,1
half,1
vsta,1
r2uiyo,1
defected,1
jockey,1
palio,1
attacking,1
arrested,1
106,1
ietf,1
saens,1
classifier,1
websites,1
41,1
23pp,1
alignment,1
016,1
remote,1
crypto,1
unconfirmed,1
noticy,1
ssa,1
incomum,1
42383,1
atividade,1
alguma,1
notamos,1
48hours,1
manual,1
plug,1
allocated,1
frame,1
igbp,1
netwo,1
recycle,1
blacklist,1
vijay,1
canadians,1
tte,1
contrib,1
hart,1
johnny,1
pics,1
richard,1
spears,1
britney,1
umbc,1
507,1
0ljrgdgc0lxqutcw0lxrgidrgdc10lpqvtc00l3rjywg0l7qsdc90l7qstc40ylqtsdqsdc10yhqv9c70ldrgtc90l4g0yhqtdc50yfqsngb,1
ridc40log,1
0l7rh9gc0l7qstgl0lkg0y,1
0jlqsngiinc,1
config,1
thinking,1
saturation,1
subscribe,1
discussion,1
sale,1
pres,1
alexander,1
180410,1
acount,1
neptune,1
area,1
hr,1
classification,1
sequences,1
sunday,1
prices,1
associate,1
analyst,1
window,1
mass,1
imbalance,1
alaskan,1
immigration,1
reform,1
gere,1
codes,1
wg,1
set_integer_keyed,1
shell,1
compulsory,1
se_read_carefully,1
93_plea,1
8th_of_march_,1
3a_server_maintenance_6th,1
undef,1
implemented,1
faults,1
deposits,1
pge,1
42334,1
5736,1
20pp,1
5740,1
vga,1
term,1
permission,1
basf,1
targor,1
metallocene,1
patent,1
4691541,1
excel,1
quotes,1
nfl,1
guide,1
att,1
rw1hawwgzglzy29ubmvjdgvkisbszs1jb25maxjtihrvigzpecbub3ch,1
ish,1
thread,1
decentralization,1
e9fe5edif,1
tracking,1
2000,1
emit,1
pbc,1
28case,1
rights,1
while,1
arbitrary,1
lm,1
habeus,1
authenticate,1
subscribers,1
9fs,1
fishin,1
lisp,1
panel,1
udc,1
5pww5o2u5bqt6zsz6k,1
activebuddy,1
remitted,1
unemployment,1
bubbles,1
startups,1
35_premium_account_migration,1
3a_office_,1
stampede,1
remember,1
things,1
subclass,1
differ,1
should,1
deutsche,1
allows,1
confidence,1
gaim,1
hyperlink,1
intervals,1
worth,1
ximian,1
worrying,1
duodenalswitch,1
13712,1
39,1
1995,1
devil,1
42372,1
association,1
usenix,1
notifiction,1
limitation,1
intercept,1
search,1
pic_inline_sub__,1
tuesday,1
5737,1
argentina,1
custom,1
pjm,1
east,1
shift,1
parabéns,1
preserve,1
70550,1
cupom,1
promocional,1
42354,1
db,1
umv2awv3iefjy291bnqgqwn0axzpdhncoa,1
undeliverable_emails,1
wheelabrator,1
lassen,1
afternoon,1
ews,1
maggie,1
coordination,1
tw,1
flow,1
rest,1
laid,1
chart,1
betamax,1
dice,1
interruption,1
bytecode,1
fortune,1
weevil,1
short,1
scienceexpress,1
jobalert,1
20activities,1
nutter,1
iris,1
illusionist,1
emerges,1
42382,1
classes,1
exchange,1
encapsulation,1
debug_break,1
exit,1
explicit,1
42378,1
br,1
creationism,1
411,1
site,1
fox,1
vox,1
forwarded,1
sasl,1
tech,1
screens,1
than,1
rather,1
deployment,1
characterizations,1
1987,1
25gb,1
intranet,1
graham,1
smith,1
underwater,1
repost,1
modified,1
prompt,1
pwd,1
cpuserver,1
20_bug4104_uribl,1
r581580,1
ebay,1
w0luym94xsbbie5vdglmawnhdglvbl0goidinilvcgrhdgugew91cia,1
700,1
zine,1
nintendo,1
sims,1
infrastructure,1
dxigbwvtytc1cnnoaxagd9gwbgwgytc1igzqvnn0isaw,1
itx,1
mowing,1
20182009,1
estatements,1
pictish,1
netinst,1
businesscard,1
templates,1
jigdo,1
amended,1
crawfish,1
hunting,1
vacation,1
gasfax,1
absurdities,1
annex,1
gunman,1
michigan,1
locate,1
astrophysicists,1
infos,1
transcript,1
682552184,1
shackles,1
literature,1
highlights,1
choice,1
editors,1
modification,1
defaced,1
promote,1
cnet,1
kick,1
bizarre,1
ever,1
im,1
co2,1
morgan,1
kinder,1
ui_html,1
ui,1
telephone,1
nobel,1
did,1
application,1
expansion,1
tapply,1
plus,1
provisions,1
koreaus,1
biiiing,1
phrma,1
evooqxbx,1
restrictions,1
18237548,1
irc,1
macro,1
pravda,1
chapter,1
57,1
9bof,1
unsure,1
filters,1
foxnews,1
42374,1
string_to_cstring,1
ugly,1
fake,1
trial,1
probability,1
untranslated,1
subfolders,1
devel,1
errstr,1
expecting,1
rh8,1
stumped,1
new_order,1
sq031776,1
appointment,1
failing,1
ack,1
firestorm,1
victims,1
cons,1
9356,1
tco,1
mini,1
heart,1
acrobat,1
adobe,1
gstat,1
kriging,1
multiplier,1
carrot2,1
lagrange,1
story,1
tlcb,1
usual,1
hope,1
operating,1
jimmy,1
carter,1
troubling,1
favorite,1
developing,1
medicines,1
reader,1
bangkok,1
monuments,1
schaumburg,1
clarksdale,1
comfirmed,1
statementt,1
nessus,1
mod_usertrack,1
webdev,1
suspends,1
imus,1
flexible,1
shuns,1
viewer,1
il,1
expert,1
scripting,1
drug,1
inception,1
applicable,1
aids,1
licensing,1
biotech,1
impact,1
securities,1
stream,1
r22139,1
fee,1
continued,1
385,1
upas,1
logical,1
addresses,1
seelecks,1
jr,1
arbocks,1
ringtones,1
citi,1
lord,1
875468,1
sss,1
1b,1
hill,1
opens,1
handshake,1
scheduling,1
hatwai,1
flooded,1
setup,1
informed,1
quarantined,1
independent,1
csfb,1
5745,1
additional,1
rectification,1
these,1
heck,1
human,1
quiz,1
samba4,1
combobox,1
proposed,1
west,1
brief,1
correctly,1
escrow,1
2106,1
x86_64,1
cdrom,1
credits,1
q2,1
variance,1
california,1
network,1
upgrades,1
models,1
pgg,1
minor,1
smtpd,1
gulf,1
bigfoot,1
glv913332922,1
feet,1
dgsebayca,1
185,1
ema,1
entergy,1
fees,1
away,1
fileserver,1
benchmark,1
threaded,1
multi,1
quality,1
ensuring,1
hijacks,1
upgrading,1
v2lyighhymvuielocmugsuqgzgvha3rpdmllcnq,1
hard,1
r22142,1
resume,1
jeanette,1
advertising,1
mcft,1
specifications,1
chasing,1
yes,1
overview,1
emulation,1
terminal,1
named,1
interim,1
bags,1
dean,1
punch,1
tem,1
words,1
classify,1
1707852,1
bugs,1
peabody,1
cba,1
issued,1
orvis,1
prob,1
billy,1
septics,1
qwn0aw9uifjlcxvpcmvk,1
gao,1
filenames,1
filled,1
spaces,1
incontinence,1
duel,1
chess,1
jul,1
var,1
courses,1
priority,1
9d,1
b6e,1
mail_authentication,1
3a_,1
892_incoming_pending_m,1
zxnzywdlkhmp,1
9wm,1
wdc,1
ourtime,1
nc00mi0zmyagawq9idm2odu4mjm1,1
pads,1
inspect,1
inspect_str,1
pir,1
slow,1
imbal,1
11th,1
20automatically,1
20locked,1
markets,1
competitive,1
5749,1
iran,1
mouse,1
sports,1
pieces,1
bits,1
cursor,1
pushes,1
un,1
intervention,1
41912,1
committee,1
dpr,1
teamsupport,1
working,1
quite,1
disruption,1
downtime,1
pipeline,1
deploy,1
0007580,1
tfs,1
interstate,1
intrastate,1
contracts,1
checkout,1
sever,1
glconnect,1
reactivate,1
press,1
skg,1
based,1
console,1
tools,1
sportsline,1
uncle,1
solutions,1
lizard,1
lincs,1
anthrax,1
manager,1
position,1
ueq5mdk3njaxmzc,1
green,1
posted,1
find_type,1
5739,1
kludge,1
42350,1
secured,1
newby,1
atlanta,1
fundamentals,1
mark,1
saltation,1
children,1
brainwashing,1
belfast,1
conway,1
filing,1
official,1
pmcinfo,1
42375,1
nvkeag,1
unused,1
israeli,1
helicopter,1
necessary,1
palestinian,1
crowd,1
parole,1
map,1
_conform,1
cashback,1
3a_action_required_,1
damian,1
hardware,1
cdwr,1
deferred,1
58,1
sabic,1
561,1
feisty,1
etc,1
building,1
ns,1
recommendations,1
newsletter,1
howstuffworks,1
nzcsrsc,1
right,1
lx,1
ongoing,1
uaf,1
invited,1
traffic,1
dcc,1
48,1
42352,1
strange,1
registry,1
480,1
1480,1
charges,1
0l,1
utc,1
0j,1
5d__please_check_the_information_associated_with_your_account,1
5bsecurity,1
proprietary,1
qvtc,1
value,1
pannat,1
0lxrgnc10ltqttc10l3qvdgpoidqutcy0l7rgtcwia,1
gnc,1
turn,1
qtdga0lxqstc40ynqtdc90lahicjqv9c,1
0llqvdc1inc30lhqtdga0zbqs9cw0l3qvdgpkq,1
sweet,1
futures,1
protests,1
_660508367,1
fortean,1
msbo0lv3ie1lc3nhz9c1inoardognzi2mjuxody2,1
blockchain,1
auth,1
r22135,1
snippet,1
disconnects,1
materialisation,1
description,1
scary,1
challenge,1
live,1
ceas,1
prdiction,1
krigged,1
transforme,1
pppd,1
transfiguration,1
burns,1
radiation,1
curried,1
poa,1
42373,1
integer,1
descriptors,1
am9zzubtb25rzxkub3jnie1hawxcb3ggq29uzmlybwf0aw9u,1
twfpbgjvedogsw5jb21pbmcgtwfpbcdinikgievycm9y,1
prophecies,1
transatlantic,1
item,1
korus,1
srand,1
documentation,1
46019,1
hash,1
2208,1
20200410,1
isp,1
quadra,1
representative,1
changed,1
meetings,1
mandatory,1
42353,1
perform,1
dynamic,1
pic_infix__,1
42371,1
object,1
callmethodcc,1
greetings,1
pe,1
147,1
become,1
128,1
mcsamp,1
sep,1
kids,1
t3jkzxigaw5mb3jtyxrpb24sifryywnraw5nigzvcib5b3u,1
a52_block,1
liba52,1
dvds,1
play,1
mboxutils,1
62,1
4pyfiefjdglvbibszxf1axjlzcegtwfpbgjvecbdbg9zdxjlia,1
politics,1
aminet,1
slam,1
initiative,1
australia,1
core,1
reinstalling,1
adversary,1
outsourcing,1
nyc,1
mcmcsamp,1
horse,1
vandalised,1
toe,1
undeclared,1
rebuild,1
transient,1
interview,1
lost,1
penguins,1
found,1
alive,1
stevens,1
camel,1
semaphores,1
entire,1
employee,1
enable,1
ve5uihwgu2zfehbyzxnziomhuus4soeutewtkowpkeelqomamuefpsbuzw1wby8wmde,1
6zu75a2q6yo15lu26k2m5zgk5ygc55so,1
spread,1
import,1
export,1
sadev,1
lamp,1
5pu05paw44gx44gm44gp44gg44gv44ge,1
44cqqw1hem9u44cr44ki44kr44km44oz44oi5oof5acx44ks5pmc6zat5yaf44gr,1
ie,1
ustr,1
third,1
snip,1
scissors,1
barriers,1
uploading,1
25rc1,1
were,1
seconds,1
rant,1
sandisk,1
incremental,1
8378806,1
deposition,1
mcquade,1
emery,1
binance,1
attempted,1
285,1
5748,1
trader,1
count,1
b2b,1
tamaya,1
mod_perl,1
20172802,1
ucount,1
space,1
98,1
r22141,1
reorganization,1
511,1
resort,1
indeed,1
titanium,1
refworks,1
nomination,1
aaai,1
average,1
microsd,1
sd,1
150x,1
2gb,1
99,1
immortality,1
reality,1
dwr,1
estart,1
model,1
mixed,1
wir_brauchen_ihre_hilfe,1
_um_ein_problem_mit_ihrem_ausweis_zu_l,1
programmability,1
much,1
infinetivity,1
hauns_froehlingsdorf,1
b6sen,1
diesel,1
definition,1
pub,1
toronto,1
ecf,1
nine,1
announcing,1
language,1
5741,1
x86,1
revealed,1
body,1
tenth,1
variables,1
grammar,1
tjssnkpp,1
uh,1
kern,1
assignment,1
gt,1
nw,1
receives,1
requests,1
fri,1
42157794,1
wybtvu1nqvjziefque9jtlrnru5uif0gqwxlcnq6ieftyxpvbibiauljaw5nihbyb2jszw0,1
languages,1
totaling,1
300,1
387,1
430078,1
400,1
mm,1
42393,1
fixme,1
items,1
solar,1
beta,1
configurator,1
thursday,1
b5es,1
a7,1
20informa,1
20suas,1
20atualize,1
20favor,1
por,1
notifyme,1
17545441,1
2002,1
unified,1
rectify,1
privacybeleid,1
het,1
junior,1
servicevoorwaarden,1
onze,1
wijzigingen,1
unearth,1
r22144,1
mateo,1
first,1
cgi,1
mariner,1
testers,1
had,1
0011509844457,1
g50320909021,1
pronghorn,1
fog,1
llc,1
attorney,1
430,1
researchers,1
mccain,1
clinicians,1
sig,1
freebsd,1
amd64,1
failures,1
45513,1
button,1
colors,1
increase,1
alumni,1
u9fs,1
nyt,1
addition,1
comodato,1
cargo,1
sin,1
alarma,1
sistema,1
22_bug_5667,1
r581581,1
origins,1
ecir,1
xo,1
fax,1
readme,1
typo,1
comments,1
filed,1
paso,1
wide,1
reallocation,1
skinny,1
frontrea,1
93_we_noticed_unusual_activity_in_your_paypal_,1
debug_print,1
hi,1
layout,1
3dpvt2004,1
real,1
signing,1
rage,1
games,1
qxbwcm92zsbzawduigluihjlcxvlc3q,1
5744,1
registration,1
2004,1
3dpvt,1
ordering,1
adjust,1
krafters,1
servers,1
give,1
generously,1
apology,1
5pyn5yqh5zmo5y2h57qn,1
permenent,1
42362,1
42379,1
tuxonice,1
traps,1
booby,1
clickpaper,1
flairs,1
nstar,1
interconnection,1
1782,1
namespace,1
links,1
ww91cibqyxlqywwgywnjb3vudcbuzwvkihzlcmlmawnhdglvbg,1
welcome,1
optical,1
countries,1
eu2c,1
hello,1
appreciation,1
march,1
001,1
november,1
certifications,1
market,1
prowl,1
newest,1
2005,1
eulisp,1
home,1
nmbd,1
kills,1
torture,1
otp,1
rpcclient,1
rpc_server,1
rpc_parse,1
printing,1
passdb,1
nsswitch,1
libsmb,1
lateral,1
ndr,1
librpc,1
libads,1
replace,1
client,1
_992493_to_authenticate_payment,1
weird,1
washington,1
r22138,1
symbol,1
stranded,1
ng,1
3rd,1
positions,1
three,1
woman,1
house,1
waterfront,1
covers,1
scores,1
gutted,1
preprocessing,1
5bactivity,1
5d_report_,1
a2_information_issues_about_your_,1
june20,1
account_on_10_january_2018,1
20new,1
manchester,1
20transaction,1
4pyjicgxksbtdg9yywdlienhcgfjaxr5iefsbw9zdcbgdwxsicehiq,1
20at,1
reliability,1
1120,1
cs,1
hoax,1
college,1
electronic,1
reboots,1
edit,1
r22143,1
compatibilty,1
sb_imapfilter,1
parsing,1
resilient,1
1707814,1
msn,1
unlabeled,1
london,1
label,1
g,1
hammie,1
aliexpress,1
saveall,1
patrol,1
pointer,1
optimize,1
42369,1
cpuc,1
bi,1
audio,1
secondhand,1
b6hnliche_aktivit,1
r22136,1
a4ten_festgestellt,1
gone,1
gateway,1
confirming,1
socialism,1
boeing,1
curse,1
tunnel,1
wir_haben_ungew,1
job,1
trec,1
permitting,1
plumstead,1
panther,1
shares,1
6052549,1
ats07,1
essential,1
webapps,1
lapto,1
format,1
broadcast,1
bangalore,1
karnataka,1
oracle,1
mysql,1
ii,1
phase,1
oxeohbxioe,1
178,1
ktf,1
lads,1
hayes,1
rate,1
flat,1
r1092,1
prc,1
music,1
dixielandjazz,1
pci,1
isdn,1
accura,1
recovery,1
wirn04,1
malwar,1
treasures,1
oxley,1
sarbanes,1
628273011,1
rehashing,1
newcomer,1
20center,1
resolution,1
matlab,1
chances,1
alaska,1
cera,1
lwv,1
healthcare,1
fmpa,1
millions,1
chronic,1
illness,1
go,1
untreated,1
jioyxheunsoydto2kucdtlytsmpqg,1
7zwg64u565,1
odp,1
offer,1
download,1
compatibility,1
resentment,1
stoke,1
raids,1
dawn,1
recreations,1
computational,1
r22133,1
5738,1
duke,1
gis,1
zdnet,1
accomplishments,1
cheapside,1
fall,1
frog,1
6540674221,1
versa,1
nec,1
noon,1
announcements,1
entered,1
360,1
cur_namespace,1
citizens,1
nasa,1
crew,1
soyuz,1
645p,1
bullet,1
tracer,1
lc,1
modelling,1
ecological,1
ypai,1
station,1
20pa,1
20access,1
20iimited,1
27ve,1
4pyjtufjtc1btevsvcbutybwrvjjrlkgwu9vuibbq0npvu5uici,1
tycholiz,1
barry,1
advise,1
enhanced,1
announces,1
89your_mailbox_is_full_,1
global,1
seminar,1
sw5jb21pbmcgtwfpbcdinikgrxjyb3igw0rftefzrurd,1
42385,1
steam,1
5734,1
bucharest,1
switched,1
park,1
theme,1
dracula,1
bloomberg,1
28upgrade_now,1
lance,1
trends,1
threats,1
4862029,1
construction,1
greenfield,1
dpc,1
arrgghhh,1
starting,1
pictures,1
lnvoice,1
policies,1
journalist,1
installer,1
indian,1
there,1
add_io_event,1
42376,1
hopkins,1
barbara,1
mailer,1
age,1
networked,1
sox,1
narrative,1
background,1
checks,1
platforms,1
113a,1
peru,1
southern,1
mag,1
eq,1
refunds,1
418427,1
2006,1
mt,1
parser,1
lng,1
oman,1
presentation,1
synfuel,1
section,1
page,1
front,1
wsj,1
modems,1
sgml,1
terms,1
deactivate,1
high,1
r22145,1
webappplugin,1
sentences,1
meaningful,1
replacement,1
fleet,1
sheets,1
komodo,1
license,1
activestate,1
76,1
42360,1
42339,1
terminals,1
50s,1
irish,1
truly,1
valid,1
flags,1
r1099,1
configure,1
r22140,1
location,1
klez,1
irr,1
20processado,1
20foi,1
20pedido,1
seu,1
requested,1
2453,1
revision,1
acnielsen,1
women,1
fi,1
20notification,1
loops,1
scoping,1
donations,1
als,1
vinson,1
donnie,1
lives,1
c64,1
sci,1
150,1
geekend,1
s3,1
committments,1
napoleonville,1
mtg,1
versions,1
onl3038,1
o101300116,1
completion,1
eircoms,1
over,1
hitler,1
ocean,1
know,1
postmaster,1
related,1
iraq,1
latest,1
attached,1
mirant,1
movies,1
sex,1
hotel,1
stamp,1
cincinnati,1
game,1
astros,1
journal,1
intelligence,1
artificial,1
contribution,1
buffalo,1
dft,1
091,1
9th,1
reference,1
barclay,1
giving,1
style,1
applicant,1
legislation,1
considering,1
parliament,1
japanese,1
parties,1
sciencenow,1
hassle,1
lrci,1
5pya57wcioitpuwriidnllxlrzdpgq7ku7blrzjlgqjpmzdlily,1
ipv6,1
mirrors,1
n0tice,1
hot,1
capacities,1
accounting,1
leadership,1
mould,1
84014,1
uk,1
co,1
blueyonder,1
participation,1
applied,1
symposium,1
acm,1
20th,1
solving,1
constraint,1
officials,1
china,1
army,1
ki2004,1
showbiz,1
translator,1
pipes,1
boot,1
australian,1
catholic,1
kiddie,1
perv,1
aside,1
damages,1
computing,1
headline,1
tbhhn4ytysf,1
r581572,1
urgently,1
emigrate,1
russia,1
steppe,1
too,1
far,1
hooser,1
van,1
behalf,1
formatting,1
prime,1
20_basic,1
42355,1
editions,1
boxed,1
kvim,1
arg_max,1
pic_callr__,1
operational,1
et,1
meter,1
